,person,recency,frequency,monetary,r_pentile,f_pentile,m_pentile,RFM_Score
0,00715b6e55c3431cb56ff7307eb19675,12,15,375.12,1,1,1,111
1,020cd0f8047142e18a754303f9337d53,0,13,232.9,1,1,1,111
2,0215efe5136d4a038cb81eae92d59368,6,13,767.29,1,1,1,111
3,0217c4393fd54e74a523b63c0fcc3da5,6,13,230.21,1,1,1,111
4,028c88a958e54c36a31c4800fd6e887b,24,14,372.02,1,1,1,111
5,03e67807671e4cb4bb34f2ebabc97d28,18,13,209.06,1,1,1,111
6,04dc7c54fc8147069875a5def52d711e,12,14,208.86,1,1,1,111
7,04e0eff0b4704fc291bbe1275f01fb7a,12,13,180.59,1,1,1,111
8,051e221bbd75481c8d935f6adcee2edc,6,19,322.75,1,1,1,111
9,05c64ce569db467a939173b41889a77a,6,13,1030.6,1,1,1,111
10,06b99e8cc24b426f8a578c749974b88a,12,15,400.53,1,1,1,111
11,07c44df054f241aab553723ed855ca21,6,17,229.84,1,1,1,111
12,07e7d74b98e9496eae8226d4af05f33b,12,18,270.43,1,1,1,111
13,0842bae0ce7f4dd283c868b01a19f793,12,14,228.01,1,1,1,111
14,0976fd3ecfb84e1ca92d90b6adc2001c,18,13,179.42000000000002,1,1,1,111
15,09916e16312345b6a9bed4b77e0211c3,12,15,227.97,1,1,1,111
16,0a56aac1e1b34467aabab91930db6786,18,13,332.45,1,1,1,111
17,0abf09a9470a46c392425e988493ecef,24,13,199.94,1,1,1,111
18,0ae565c6ebc5417db7f6d2ee5eaabe72,6,17,226.12,1,1,1,111
19,0b1b8fa8117043b09e75518860f3ee8d,6,20,263.09,1,1,1,111
20,0b46f27233cf4f56b5ed434eccf401aa,24,20,289.05,1,1,1,111
21,0b5e0b7de9bb42d9bc4a728be1626509,24,21,330.65999999999997,1,1,1,111
22,0d2c8f6e2cd441bbbbfaf0036c41630d,18,14,303.95,1,1,1,111
23,0dab5a72d09e42ee957a574567a5ad3f,24,18,276.08,1,1,1,111
24,0dce458d31ae427cb2fe83841dc236b4,24,16,188.35,1,1,1,111
25,0e18338db3524564870a52ee5cfe68a4,18,15,684.26,1,1,1,111
26,0e6d0e08329c4d0c90987d234f0983d2,18,24,301.1,1,1,1,111
27,0ec49da4a6d54229ad3c450cba7701f4,18,16,191.38,1,1,1,111
28,0ed8629b96cf4b1bb5d7375660cd9b04,12,16,228.72,1,1,1,111
29,0ee730ab06b448d29aff60a13d0709dc,18,16,370.95,1,1,1,111
30,0f4a68826e204f45be2a1103dcc5b014,0,16,263.54,1,1,1,111
31,0f6496ef526940d3a2e091ed2a3056d7,12,13,215.74,1,1,1,111
32,102e9454054946fda62242d2e176fdce,6,14,213.49,1,1,1,111
33,10df92b3876142e8a6745c86276057e7,0,13,256.2,1,1,1,111
34,11fe137500b44584b5216902c274f0cb,12,13,206.47,1,1,1,111
35,12b2135de4d041a4a1d6a090d8977dc1,12,21,809.46,1,1,1,111
36,12c783f75d5847c08e1a0e582a6b735a,24,17,313.39,1,1,1,111
37,1473097b38ef4af2baa785f83d10b95a,18,15,536.55,1,1,1,111
38,1476bfc85b584e30a79790be39f7929f,12,13,372.59,1,1,1,111
39,14cbeafc2297453e9bf4924c2eabe35e,12,17,308.23,1,1,1,111
40,153151dae7fd416588690a91ec81cbba,6,16,359.24,1,1,1,111
41,156991c53ab349b199fb03958d4e5c1f,0,13,182.18,1,1,1,111
42,15a66e8f26b84db694ca65e8b9935ddb,6,18,244.31,1,1,1,111
43,15cf7300fd004c4ca10ede6f729f3136,24,19,293.87,1,1,1,111
44,170fb4372d3a4cf3a09df0e5504546ee,18,15,274.79,1,1,1,111
45,173b015909cc4dd5b74baaf3320a1646,12,20,561.0899999999999,1,1,1,111
46,189bdb80e3174d7c8de4d554ef37acb4,6,13,249.86,1,1,1,111
47,18bffae1579b4f8598420ec807052cfa,24,17,728.51,1,1,1,111
48,18fc7f5237ff466ebfe2aeb5bfebf1b4,24,19,234.27,1,1,1,111
49,199eef49d00f45ba9b9d76007a05c069,6,13,231.44,1,1,1,111
50,1ab040cd863d4f5284899e8e3a29fea9,18,14,176.56,1,1,1,111
51,1af61b6a58934ebd85f84ffcaedb52a2,18,14,257.46999999999997,1,1,1,111
52,1bde4b674a1a442cbe6af847c9d6f2cc,18,14,322.53,1,1,1,111
53,1d8065fbc9e848f280796c837ed76f81,24,13,223.24,1,1,1,111
54,1e412bdce0494e42a0e00ae5002be78d,6,17,251.63,1,1,1,111
55,1e755e8f01854c829d42acb22eab03ee,24,15,250.07999999999998,1,1,1,111
56,1e90d5a75b1d47e6ac495c37399705da,6,14,195.83,1,1,1,111
57,1ef140951a044165a8ef3e3e26ec0f16,18,24,317.13,1,1,1,111
58,1f1c409789c247cba9b50d63aa078fcc,12,13,324.28,1,1,1,111
59,1f9b6e1cebeb48dcb6cd5965b408c989,0,23,188.95,1,1,1,111
60,20aa810bd0574208bfa7a7f066d0af5e,12,15,224.03,1,1,1,111
61,2119673616e04d3eb001c92dee19ddc5,12,22,783.0899999999999,1,1,1,111
62,2297b19f7fdb4ca3bcb1cbf74209b77b,0,14,228.78,1,1,1,111
63,22c01c0918664a3788e4dbbac842936d,18,14,298.97,1,1,1,111
64,2397aed85a7142a8b463bfb15642b0e1,18,14,260.5,1,1,1,111
65,24115a61df25473e84a8a03f3c98de1a,0,18,178.14,1,1,1,111
66,24ab1d9c55254e8eb9d263f3bf3d98fc,0,16,186.14,1,1,1,111
67,24be0137591244c7b191b11c0da21218,0,17,321.94,1,1,1,111
68,2520c1ca400d43f4bf52ed6f482a6a75,0,18,439.87,1,1,1,111
69,26d9fdcb7d1b4b2eb60c7a65f5ba5266,24,14,252.52,1,1,1,111
70,2704e553ed8143569367e34c7c620f5f,0,16,324.29,1,1,1,111
71,27aa749a6f5f448e91327028a2ac7fb5,24,18,172.35,1,1,1,111
72,27e9b15f6003425495278e6aa2ea2366,0,13,196.46,1,1,1,111
73,286247110a534b28a223ce97782e84e4,24,18,650.46,1,1,1,111
74,2ba2a88be5b349769ce3d3d411064075,24,20,238.88,1,1,1,111
75,2c107d718e614961ae18c8ef2af37b03,0,14,349.2,1,1,1,111
76,2c84eb07bc4c4480862ef63a3826c4b0,18,15,971.24,1,1,1,111
77,2db7b4739e3a4fc0964fce535ec05d96,6,14,179.72,1,1,1,111
78,2ddc7d63c32d4606a7a45e3e70439b44,12,25,362.69,1,1,1,111
79,2deb5383c1af41029f861cb3b56e2e4f,12,19,263.9,1,1,1,111
80,2e6f1b4a2bea4207bcfbcee2b6efcdbc,0,18,282.26,1,1,1,111
81,2fd7a38e7640433facbad7081668f671,0,18,204.83,1,1,1,111
82,3091fdb6abd64e72b9622c14950937b7,12,13,341.0,1,1,1,111
83,3098787d8924438bb74e11685c6a6657,24,14,185.92,1,1,1,111
84,31059a17549d4229b8418b785bb65ce7,24,19,211.24,1,1,1,111
85,322e2846ec574c6e8aee62fef3eea33e,0,14,216.64000000000001,1,1,1,111
86,33ccbda880444190b6f69186eb5ac8cb,18,18,211.69,1,1,1,111
87,347a75e83b70480ba7b53c7f737ebb4a,0,15,182.09,1,1,1,111
88,34ac11b8099c4b248979bae48616b3c2,12,20,242.35999999999999,1,1,1,111
89,37a97f6e09784a07bbb67bc6539f1a00,6,19,272.23,1,1,1,111
90,3835f3a19c534c359faaf72b0861c32a,6,16,323.71,1,1,1,111
91,385fb8422832476dbe480b47bcb20732,24,19,363.9,1,1,1,111
92,38b88497b30940358be44bd78bdbd071,0,17,316.21,1,1,1,111
93,397e33ebb12e4a3aa1e8ec840c84d104,24,20,200.08,1,1,1,111
94,39d20ed2014a4631812f12548621e5bb,18,16,233.52,1,1,1,111
95,3a1fa4f6336d4b77baf0be29c57a73d5,18,13,175.49,1,1,1,111
96,3a506f9fe2c04048829ef0fc3fa49cc8,6,22,254.47,1,1,1,111
97,3a9a78a58d3548798dc4b1b518ea64cf,18,13,316.59,1,1,1,111
98,3b78a727167b432d8e1935227b286def,0,14,250.22,1,1,1,111
99,3b84fac9ca1148bb96b133ced98f565a,0,13,205.69,1,1,1,111
100,3bb72efdf482469ca06f1fee368c4897,6,15,283.1,1,1,1,111
101,3c1e9922033e41189c6beb76c6e3edc0,12,14,227.24,1,1,1,111
102,3cf6464fe3bb4f6eb50a67063e1d842b,6,13,178.86,1,1,1,111
103,3d073e2d43f04815a4c84e53b36e3a5c,0,19,178.32,1,1,1,111
104,3d2d54ddebaf4d39ae02b96ff65ec727,12,13,184.99,1,1,1,111
105,3d6dda5a29c345fa99982972c7012b15,0,13,321.03999999999996,1,1,1,111
106,3eaf1550d25f450e93faeb5a4ab744c1,18,23,274.56,1,1,1,111
107,3f08e8eeb88e43079a103ed1af07e220,18,13,200.0,1,1,1,111
108,3f99f807bf7e4cc7b2186183e30da851,6,14,208.69,1,1,1,111
109,404ba9109a7f4aa384329a925f76c47d,24,18,344.68,1,1,1,111
110,4055bb9c2f3c410a88da90791b9253e5,24,14,261.65,1,1,1,111
111,40bbc83401e74e71ace9e09af32c516e,0,18,214.52,1,1,1,111
112,40ce078d5b2a43d19138a788754520be,12,30,220.22,1,1,1,111
113,41354aa288d14c75b25b41f5781a0a90,12,21,283.51,1,1,1,111
114,41486bbaab7a49e2afc05d2b48d3b00f,0,13,874.63,1,1,1,111
115,4180446d6f81480cbc467b969b9559bc,12,17,409.45,1,1,1,111
116,42923cf2f39a4bb49820a3fe12928ade,6,13,333.14,1,1,1,111
117,42f0d273d2914b0192bd37a37888df36,0,15,177.48,1,1,1,111
118,42f8d287efa7489c9c13f94b2cec5fc5,18,14,215.04,1,1,1,111
119,43005ea0767043898ec9ae15e0a64e33,0,14,265.82,1,1,1,111
120,4384b18804874776b628f5d6a390e2d4,24,16,268.24,1,1,1,111
121,43ba16ae14404ada9c749043c66f3741,6,17,240.9,1,1,1,111
122,4405bf5b70f44eb9b6ee3ab6a713f0cd,6,21,335.36,1,1,1,111
123,443df2c8935d456a9f8b60c249bb7ca1,12,13,254.46,1,1,1,111
124,44960a76fc1f4626b9c55f8b4acd39c4,12,15,269.6,1,1,1,111
125,45732be078d146118d0e123eede47771,24,13,320.11,1,1,1,111
126,467a59bf46d0461fb56c7f48477716de,24,19,218.82,1,1,1,111
127,46b3c686bbbd4495940b4da488e10ed6,24,17,207.49,1,1,1,111
128,46c83dc0af064389b29ccf97d9c7ed57,6,17,362.07,1,1,1,111
129,47abadbd4d4c42e2b38f71808f9c6cf3,18,13,235.95,1,1,1,111
130,4865d53b473d4f72a8198a1ccd59c230,12,20,212.71,1,1,1,111
131,487ad048c0e248a8bf6eb1545f5be4c6,18,18,368.99,1,1,1,111
132,488847b396ed4cbbbfbc31d93bfcf33c,6,17,186.6,1,1,1,111
133,48f095b4534c4a0d8bf7e739e0242609,6,14,219.6,1,1,1,111
134,49d41439112e48d18d5119a99af8c3d7,12,13,200.8,1,1,1,111
135,4a652d9f45234df1b94aeddc46c66c77,6,13,226.79,1,1,1,111
136,4a8b0e879455408ebe48794920568747,12,15,260.42,1,1,1,111
137,4adca6b0329140879c17601716a03e33,18,15,292.04,1,1,1,111
138,4b31e509bb5c400b9047c2c42035c0b6,12,18,211.82,1,1,1,111
139,4ca0653cb7bc425b9689f79226a59be7,6,15,205.79,1,1,1,111
140,4caa9fa951a3419084570450dfd6daa3,6,14,248.06,1,1,1,111
141,4ceb1cd14e60495a9f6a7726ea34f4db,6,14,239.75,1,1,1,111
142,4d2ccfcbbebf4bd9baf4b7e433d0e288,12,15,188.7,1,1,1,111
143,4de995d854f94b3492f743cc1e98ec29,6,13,533.18,1,1,1,111
144,4e5ff81ab9d946f390252fa8adc740a2,0,18,298.3,1,1,1,111
145,4e6f8c1f15fd4c0ab0ae2e5f4fff6b26,18,13,194.49,1,1,1,111
146,4ed81a6649494adf87bd8a910521e845,12,14,311.25,1,1,1,111
147,518435261fa246a9ab8f734ea42b3b27,12,17,224.93,1,1,1,111
148,5304a3435a7a46c1b5da05729f1282b5,18,16,267.05,1,1,1,111
149,530cc2d0fec84812acccc4214cd87fef,24,13,231.57999999999998,1,1,1,111
150,53426d80b1f7435284264b934478a750,0,22,377.84,1,1,1,111
151,53f76524edee44fd80b801a709ade2a0,6,16,332.58,1,1,1,111
152,54bb578eff2946808f0ac8c33f641883,6,16,178.24,1,1,1,111
153,5507b146d8db47c298843f45e128b9e2,24,14,322.15,1,1,1,111
154,5529078d0e9a4fbb8a4c1f5f17018cc9,6,15,178.3,1,1,1,111
155,55c6fbd642b748a395bf83c8dec3f684,6,13,221.07999999999998,1,1,1,111
156,565001cd51f84213b39cc32402aa15a9,0,20,314.74,1,1,1,111
157,5790832a6dd84f66a44c550fa1a98127,12,13,220.29,1,1,1,111
158,581ad5ee9b9f438a8856a94b9710ec45,0,14,249.82,1,1,1,111
159,5864b4a317b24832b511a7a3416d849e,6,16,228.13,1,1,1,111
160,5986f99399c548ba8f5ec29d8dc97274,12,15,257.54,1,1,1,111
161,59ae2384f0e24fbc83b31ad0de02b96a,6,13,262.42,1,1,1,111
162,5aaf3703f172407387e01798d46d57bd,12,18,216.51,1,1,1,111
163,5b4235d326004522b491b98b0eb2ef40,24,23,237.32,1,1,1,111
164,5c156a85d48045cca4e1673a59d65792,0,16,237.93,1,1,1,111
165,5ccc9ec750834277812d9a81d44debb7,18,20,244.53,1,1,1,111
166,5d048a36203c483facb5ed09983ab388,0,15,289.76,1,1,1,111
167,5d7ddc0af73b4307b7b9149fd2192455,18,18,302.64,1,1,1,111
168,5da599f0f0ca40a6916e28487a55e655,0,25,411.74,1,1,1,111
169,5dd229138aca45f29ee9d6d4417f199a,18,13,202.06,1,1,1,111
170,5dda3558f4704bf9a5e46c115cf2f6b7,0,17,230.86,1,1,1,111
171,5e49e14374c74ac790ee69107c2134a3,12,13,251.38,1,1,1,111
172,5f2847f9dfa74266a305b1b32f3943de,12,17,243.47,1,1,1,111
173,60e738bee5ae4f92b437b863736c0cea,24,23,251.01,1,1,1,111
174,61d78b3d76d742b5b50f5f8379c21cf3,18,14,336.94,1,1,1,111
175,6255fc72d0194be9b83b21395c6c500e,12,13,236.94,1,1,1,111
176,6263d948f09b4cfc87b0b59955f269f1,0,15,188.88,1,1,1,111
177,62c45627e26048fc9a0aadc842c91cd9,24,21,185.9,1,1,1,111
178,6336d3be58b24cd0b30f8ebade7247e9,18,14,341.22,1,1,1,111
179,633815975da245bb83537702f1ffa118,18,13,1031.71,1,1,1,111
180,63fc9cc612e146a3bed220e03c888cd4,12,18,268.34,1,1,1,111
181,64763980a84b4d7d898a734898b82f93,0,19,173.85,1,1,1,111
182,6626b0fcb1f5451b89c2011c9c01e186,18,15,270.03,1,1,1,111
183,6654aee73c3b477da42ca1b585562e95,0,20,248.88,1,1,1,111
184,6684c575f70549c19c85baab3bebae8c,6,13,233.91,1,1,1,111
185,66e876e1037346e281c43081d92310ad,6,21,368.0,1,1,1,111
186,67150b0ac62b4762b327de7242ede92e,18,22,239.9,1,1,1,111
187,68f0b93fd7cc40c0bec906c13dd2ee4b,18,20,395.25,1,1,1,111
188,69d75d7a2d354401b851152b857c063d,6,21,250.73,1,1,1,111
189,6b247ba48509456eb57b24f878f313ea,12,23,298.8,1,1,1,111
190,6bbba83ef9204264a0ad9e9a73153886,18,13,189.0,1,1,1,111
191,6bbd651cf5cb4fb0b4f523bec77c83f9,6,16,253.48,1,1,1,111
192,6bc3ae7560a74586ae8ad8ec5b120a7d,12,13,205.79,1,1,1,111
193,6cb26ad67f5e43ffb4f9b435d96f6615,12,20,267.36,1,1,1,111
194,6cdaca9000bc4408921453abfafcc6d2,24,18,170.85,1,1,1,111
195,6ce15c0fb9e84fe68e53cbbb98d2f049,24,13,222.57,1,1,1,111
196,6d11a027be6c4fac98d27eec516ad2f6,0,14,366.44,1,1,1,111
197,6e81b647b6d84966b63e0d4fc45fc4f6,18,13,208.56,1,1,1,111
198,6ed1b52f1db249c9b0db544e1e521eec,18,13,200.17000000000002,1,1,1,111
199,6fbfb3e6edb94e6eb953aeed4a7971cb,6,15,197.96,1,1,1,111
200,70ae0b8c6a3f46888d5bd7c33759d7be,18,14,201.89,1,1,1,111
201,70bac9e7c9ed40669e71bcb07124fe27,12,16,537.33,1,1,1,111
202,70e9b529f05c4cd09ae347f9537307df,6,21,175.31,1,1,1,111
203,716a961d2afb4c1d8307522a8cbb4f07,12,22,275.61,1,1,1,111
204,72b5a6743ee84f01a40fd6f1a378c560,0,14,229.64,1,1,1,111
205,72c8c0516a79419cac2c8f7f8fbaa14c,12,18,908.81,1,1,1,111
206,745317293ddf44fa853a38aee9d1e032,12,14,241.54,1,1,1,111
207,77e2665e47184ad79d1705fe09f15730,12,17,259.8,1,1,1,111
208,78506ec87c8a40eea0520907e21d7cb5,0,17,200.16,1,1,1,111
209,78c4b77f63c448019948da62d44b6390,18,13,275.57,1,1,1,111
210,7a5d5424fa60427b83be6b9ea98927de,18,19,305.04,1,1,1,111
211,7b52863118c2444ba6e9ab332f70c1bd,24,13,346.69,1,1,1,111
212,7bf785bb8b6c4a5bb14815ca85ceb87b,6,14,181.32,1,1,1,111
213,7c04f1c0d5764d878c4301062c245ecd,0,19,503.95,1,1,1,111
214,7c6e3fb8f20a444b949c6d94ace44f02,0,17,319.35,1,1,1,111
215,7d7f271652d244f78b97c73cd734c553,6,14,1106.1699999999998,1,1,1,111
216,7dbce81651b545a2960b635f7d85db4d,24,18,297.26,1,1,1,111
217,7de67c6eb7ca46d7af5b9072727337ca,24,13,326.78,1,1,1,111
218,7deb44388feb4a9ea7681464bf16b8dd,12,17,436.40000000000003,1,1,1,111
219,7e0d5afd8f7c44178185a363ae80801c,18,13,261.83,1,1,1,111
220,7e5e7db0dea54e8ea8ecd051d0720898,18,14,318.19,1,1,1,111
221,7e8da1599cce45e4beaa2e0480636076,12,15,316.52,1,1,1,111
222,7f0df9ea520a40e2ad30d0c4f6f30161,12,13,666.38,1,1,1,111
223,7f63df7e34f0450f81bdb65c3ab57295,12,22,210.39999999999998,1,1,1,111
224,80242cc3d985484fbeeeb7d3cf828b71,24,14,315.4,1,1,1,111
225,8056b33d6a8147f198c4d48b1791a38e,6,13,229.33,1,1,1,111
226,80bc3a67e3ff43c491da0f3cd28bc3fa,0,22,787.39,1,1,1,111
227,81837e891cb6445894f7cf90e36d6e2e,24,14,219.65,1,1,1,111
228,81e9ad5fa55a4884b65e01a5db8f1b4e,12,18,317.03,1,1,1,111
229,821e106b2f2d4eb3a6c693732a54231d,24,16,206.08,1,1,1,111
230,828f238d7f554fff94d07de50faff45c,6,18,260.71,1,1,1,111
231,82b13a64bcba4a59a11d5323f9e04134,18,23,203.8,1,1,1,111
232,82eafcbf423a47c49d111695f03d31b5,12,15,359.71999999999997,1,1,1,111
233,840cc4f0ccbb4ba7af0c511ec023ee85,12,16,187.25,1,1,1,111
234,8419c37c46704c1c8f5b8c19fb36ff64,12,15,293.48,1,1,1,111
235,85946e9f691445c08d4b60de426c0247,18,14,326.12,1,1,1,111
236,85e598f6dff54af2a6167cdd3fdca7de,24,13,378.18,1,1,1,111
237,887235ab5787412a82ec2995d27395c8,6,17,434.3,1,1,1,111
238,893131691a9a492585d9ea3afbdb37a0,24,17,242.37,1,1,1,111
239,894d620373384c5f8c25e28d15de7959,12,21,352.17,1,1,1,111
240,8964bdf23d544301846b95a02d27e45c,18,27,492.34000000000003,1,1,1,111
241,8a540a35d6fd4a68ba49e03c8f52955f,6,13,183.84,1,1,1,111
242,8a776d222f174aa089866b2725721eec,6,20,714.9,1,1,1,111
243,8b0face3a7e14e35b332a362eade8176,24,14,353.28000000000003,1,1,1,111
244,8b7d6291add449f7812b3435e77bc304,6,13,222.62,1,1,1,111
245,8b9658d02943407d8e014a9bc971a3d5,12,18,297.33,1,1,1,111
246,8bc3f515046a4d56917e6876238ad8f1,6,18,229.91,1,1,1,111
247,8da7dbbe9db544c994ef7ee31cfadd60,12,13,194.8,1,1,1,111
248,8db6b535086043c8ad6e919f513d1ce5,6,17,221.72,1,1,1,111
249,8e0c1ffebf2a47d281210fabbd41d56a,24,21,770.62,1,1,1,111
250,8ecb286416264dd8bc91cb58d209224e,12,21,277.28,1,1,1,111
251,8edaf0e1d7e44db4a81f2c3acec22665,18,15,244.78,1,1,1,111
252,8f45a5974df34ff3898cb0fa61d28dcc,0,14,305.69,1,1,1,111
253,9036c74e796741abadcd03cdede004b5,0,15,252.16,1,1,1,111
254,90afa41287144f5fab10fef8a7eb4fac,12,20,364.77,1,1,1,111
255,90e9f6de2d6f4830b544b4524a509f84,24,19,192.09,1,1,1,111
256,91b4ec7019ad47538ba7a3b82f1119af,24,23,468.07,1,1,1,111
257,91f94a5f78434d63803c89c44cef567e,6,13,200.5,1,1,1,111
258,93893ec00b5346228088f867e6164b1e,24,13,278.71000000000004,1,1,1,111
259,938ab5c383344e2cadeba47bf6b62e64,18,16,210.56,1,1,1,111
260,946fc0d3ecc4492aa4cc06cf6b1492c3,24,17,1232.4,1,1,1,111
261,948ec827ac334c8782a1da99a2d6a39b,18,16,182.39000000000001,1,1,1,111
262,958983269f8544e5ba636832c389faec,12,18,322.78,1,1,1,111
263,95e4c60e0c7d47c984b699ac7ef3d610,6,16,187.18,1,1,1,111
264,9651db2f35c04741a0123686063a380e,12,13,199.73,1,1,1,111
265,966ae5cd20fc48b8b41cbd981263aff6,24,14,279.65000000000003,1,1,1,111
266,96ae94b7eb5e404bbe7a5fe07a7d7035,18,21,183.75,1,1,1,111
267,96bce0abe1e04098b7ead648cc957c0d,24,16,288.71,1,1,1,111
268,978f08557c534f12b34296dfcc0e07ba,18,14,394.28,1,1,1,111
269,97a00dcfd0774700ad1492131a3bfef3,18,14,351.33,1,1,1,111
270,97c0d21869cf456089910a992fe39e77,6,16,283.44,1,1,1,111
271,9882b2fa3d074434910a111fbd937f16,6,18,318.13,1,1,1,111
272,991321fedc8e4c46abd2a17137af756d,6,17,210.54,1,1,1,111
273,998c265dbf8445e892162a8753207c2a,24,19,267.72,1,1,1,111
274,99e9a1916821461ebd5d5048dc2dff7d,18,15,290.42,1,1,1,111
275,9a9e36298cb54b72a95fd6550ceff288,24,17,220.59,1,1,1,111
276,9ab83b0a9fe74e4ead33c741bcc4c2ea,6,14,345.6,1,1,1,111
277,9aba5058cb4f483da896335a1479a944,18,15,370.27,1,1,1,111
278,9ae56116908640fc83477982da0aaec4,24,26,953.39,1,1,1,111
279,9b265daef0cd4839aabee7f4ee851050,6,15,375.85,1,1,1,111
280,9b4b02ab6a744385ae6007e4c95099cc,6,20,201.12,1,1,1,111
281,9b9bd320b3b34859abfee2109a0b4831,24,23,204.07,1,1,1,111
282,9c7b048269ec4afd9205201a8e386c22,6,22,224.46,1,1,1,111
283,9c8acc324a0047b2aa4f204fccf30281,12,13,196.18,1,1,1,111
284,9d761dd3dffa40b584ea9e0030d7083e,0,22,378.3,1,1,1,111
285,9dc1421481194dcd9400aec7c9ae6366,24,14,189.67000000000002,1,1,1,111
286,9e5c4fbb6e784461b2e3e92872ee3e1d,6,18,242.75,1,1,1,111
287,9ed43771681240f6998e85a1c0c8f673,6,16,201.32999999999998,1,1,1,111
288,9eebfc7e84054e4c84d3caa8979e40c4,6,18,383.29,1,1,1,111
289,9f02136155d04f028d932f1aa2220f9e,12,25,218.93,1,1,1,111
290,9f066310867e45639d8e2ab82948fce4,6,16,349.15,1,1,1,111
291,9f1250e13503459b961c2fc777d5d8c2,0,20,387.84,1,1,1,111
292,9f2e7a00443644188720ca9edc74370c,6,13,186.04,1,1,1,111
293,9f2fdda6613a446582d4c2f51520f344,24,16,337.29,1,1,1,111
294,a030a3876c974c529ad8acfed1ba0e3e,6,15,217.67000000000002,1,1,1,111
295,a03b06dbe5eb4cfd9187a4e57abe3701,24,16,339.36,1,1,1,111
296,a0c805c115194eb9ae7bca089b5b9f58,24,21,308.59,1,1,1,111
297,a0f63f6e1285445dbbdcc5d4943c843f,6,17,213.6,1,1,1,111
298,a259fbb314a446579f036219a8d06a3e,12,15,215.43,1,1,1,111
299,a36a8550a93e4d04ae93e5e6cca1564d,12,19,182.72,1,1,1,111
300,a3c2a505d62744f7b5d125930b533a33,18,13,257.93,1,1,1,111
301,a3d2267a2d1f4eaabd6869c07b03cdf6,24,25,174.94,1,1,1,111
302,a42ed50acc4d4b25bca647c9e0b916ad,18,31,461.09000000000003,1,1,1,111
303,a43342085d674672b26ddd5331f47c17,6,13,307.89,1,1,1,111
304,a4ac99af1b7f4344b734ac07592ab717,18,14,333.16,1,1,1,111
305,a53129ef372e44e7af6cbc0a0ec11c26,18,22,474.36,1,1,1,111
306,a5360772ba38441692f0d7cbc1d643b6,12,14,323.49,1,1,1,111
307,a5b13a923611434dadcb9e000abbd361,0,13,226.71,1,1,1,111
308,a62806d8820745379742e5799b9566cf,18,23,177.88,1,1,1,111
309,a6786827eeb44ccfb2e5907382f8cb31,0,14,173.26,1,1,1,111
310,a6d2bc2a28094a07a5c273dc542cefdc,12,18,314.78,1,1,1,111
311,a6fce370a2ce4df995fc4899bfeb3b6a,0,24,241.12,1,1,1,111
312,a78dccc2d86944b7bf05bc7571cae761,18,13,280.79,1,1,1,111
313,a87dd5ea878444f08ab557b145c5377c,0,16,296.79,1,1,1,111
314,a8fc8a1034d34edf9bc2c6dfaec408e1,18,15,524.45,1,1,1,111
315,a8fcb6ae658246708387f979c4949017,6,15,394.7,1,1,1,111
316,a97208c5be42445d9949e82e0f70f622,12,15,210.10999999999999,1,1,1,111
317,a9780228a1d04539afdee8b745e4be10,24,13,224.76,1,1,1,111
318,a9a088afe7f54587bb28b723d403f476,0,14,322.24,1,1,1,111
319,a9b0ed59ea614d80a17a5d436d887779,6,17,304.05,1,1,1,111
320,aabc003ec0b84f2d848ee244f226a3ac,12,25,175.51,1,1,1,111
321,aad657e5b55b4332a3a12a99034dbb0c,18,17,984.69,1,1,1,111
322,aaefb780b5a4410cb9f467f2bad725f3,6,13,276.21,1,1,1,111
323,aaeff31fe7ab4786bba12f05cdf33dd2,24,16,208.88,1,1,1,111
324,ab25fd6fbd5040f880751921e4029757,12,30,717.2099999999999,1,1,1,111
325,ac04305b540c492ea789ca904a0a63d6,6,17,190.98,1,1,1,111
326,ac3832e7bd014acd9b311c1ac5e3cb5f,0,15,226.3,1,1,1,111
327,ae27549c1fcc4407a7d5d270928ff0ab,6,16,483.27,1,1,1,111
328,ae56c4d76ac84a639a31693086044dd9,6,18,307.42,1,1,1,111
329,af69a507aefd4ecdbc4c33b0ec4dfe61,18,24,187.9,1,1,1,111
330,af9271c4812545a9918c9fba7b082db2,6,17,233.84,1,1,1,111
331,afafc7537e2742afbeeb8f16793e8c99,6,18,178.16,1,1,1,111
332,b039217b1c5c494c94f9089b7aa1ac5d,12,15,276.74,1,1,1,111
333,b13775803ef54a42970428c05b9f3dfb,12,13,210.76,1,1,1,111
334,b3ad8755d0ac47faa6e9c10954fec6a4,24,20,378.95,1,1,1,111
335,b3d8b6242a1943e78ff1ea93e2101fbe,6,13,244.36,1,1,1,111
336,b420d078191046d889916e7688181122,18,13,182.86,1,1,1,111
337,b45b854569d64beabea05969c901cd8b,12,14,255.16,1,1,1,111
338,b50987e063ec45fca2b6343837d6a139,6,16,325.86,1,1,1,111
339,b50988649f544a49837147fab2865fc9,6,15,298.2,1,1,1,111
340,b5a19a184eb04c08a7c92804a88a4cf6,0,20,191.26,1,1,1,111
341,b5e9fecfd7ff497cb3003b74277f9e5a,6,19,277.51,1,1,1,111
342,b64b461c1e4547359eb09ad574ff6f5d,0,18,587.42,1,1,1,111
343,b6e07f29867b4284aa42106bdc4d51d3,0,14,363.04,1,1,1,111
344,b6f831aeda5f4183ab523e07e1eff7f7,12,18,497.55,1,1,1,111
345,b728608c644a45f4a280139048dd7c14,24,17,364.89,1,1,1,111
346,b77a7ad3e61243908235f4427c79bf34,0,16,452.95,1,1,1,111
347,b7bbde316be54f6f9100f8ec7d7e3dbc,24,14,484.62,1,1,1,111
348,b852a70398944c528bf648b76165190b,6,17,197.47,1,1,1,111
349,b887fc9ffbe84892990236bc2e2d710f,6,15,212.27,1,1,1,111
350,b8bef39dd2654f90af97658f0ca65f75,18,19,676.41,1,1,1,111
351,b8e71e5b3e7f46e49119eb0f04424304,6,18,271.55,1,1,1,111
352,b9c2811b721840d7a4b38bcad4c938e0,18,25,313.85,1,1,1,111
353,ba1d8661fce44d34ba7fc0b3dbdbf223,18,16,346.8,1,1,1,111
354,ba620885e51c4b0ea64a4f61daad494f,0,17,295.62,1,1,1,111
355,bbee4cecbebb4347859c73b9971550d5,18,13,242.82,1,1,1,111
356,bc2aa51e67bc435e8e5c7a2eaf2c376c,24,13,307.76,1,1,1,111
357,bc7438e795114d7c8902b160ba26c907,12,21,335.38,1,1,1,111
358,bcaca63604f54f9585669295ce9088f9,24,17,199.51999999999998,1,1,1,111
359,bcd3789321c4466e9974a2384607ae2e,6,17,297.58,1,1,1,111
360,bcf49b598f7d48c7a75ecc50ebcbd700,18,18,183.66,1,1,1,111
361,bd2cdd691aca4bb0a0e039979ee5de5c,24,28,412.67,1,1,1,111
362,bda99ed14b964c889742d97222157fc7,12,15,223.32,1,1,1,111
363,bdfba75f0e0c4533b4b6b97fa37daa4f,6,15,268.74,1,1,1,111
364,be630b1393a744798b87e3ef23f46aed,18,16,328.3,1,1,1,111
365,bf5783772fee4f2ab126f07bf3be80f1,0,15,206.5,1,1,1,111
366,bf93fed7206e4e14ae7e04abcb9b1445,0,14,185.14000000000001,1,1,1,111
367,bfea1616533f4ca0971407dc5a63b7c7,24,19,192.1,1,1,1,111
368,c019e0e0d9a14d0fbdeff01a55f50fcd,6,20,185.02,1,1,1,111
369,c0231649f05d40889e3a6e1172303b37,0,19,266.15,1,1,1,111
370,c1bb5a4b6d4a47ee8c5c009bbae056e3,6,13,179.78,1,1,1,111
371,c2215f480a39490e8830b7700cf6f7b7,0,13,194.96,1,1,1,111
372,c259c5ceb06440219fa381a1fbf4c337,24,19,209.33,1,1,1,111
373,c2a5c2407540466b9b0f7e8e50715a73,6,14,345.72,1,1,1,111
374,c325c5e0684044d69ed99953fcd703ca,6,17,179.7,1,1,1,111
375,c3321bc76743445c9103eef0ce9d833b,0,14,369.43,1,1,1,111
376,c36979028fb641848997b28b35b1e0ce,24,20,218.82999999999998,1,1,1,111
377,c43b818111c64801ab07d0e3b9a01158,18,13,255.56,1,1,1,111
378,c4cdf0fdcf6a4350a84e8cc15027cf9f,0,16,315.3,1,1,1,111
379,c518abca827b42ff81eb5bc49c455b03,24,19,735.1999999999999,1,1,1,111
380,c658ac6c1b2142c4b2ad19cd26fdd354,18,18,173.4,1,1,1,111
381,c67954e658564adc918c8d086f09082b,24,20,221.01,1,1,1,111
382,c70d70b851804e38abd364582d7a5798,24,15,370.83,1,1,1,111
383,c7b6395c96354283bbbc4d306b4bcc63,12,13,249.71,1,1,1,111
384,c86e089ef00b4edbb4382f80fb0d2e77,6,16,225.47,1,1,1,111
385,c894971c9e414a358b84255199727636,6,20,700.47,1,1,1,111
386,c8bd3632ce7b4f8f8ea2c10a8bd2c25c,0,21,261.02,1,1,1,111
387,c8c7d3b6effd4f518878e42f7d5428a1,0,16,250.06,1,1,1,111
388,c8f6b6d4decd48c1a81b6c8fcf567958,6,19,255.6,1,1,1,111
389,c9044e16606e462b87985518a0b048b6,12,18,435.22,1,1,1,111
390,c95e4b6a0e874a8488624f8f8da3a369,24,16,355.45,1,1,1,111
391,c9de61c8d5264ef3ae95f5448f770342,12,14,194.85,1,1,1,111
392,ca253788781646f0a02492a0447ecf17,24,15,958.19,1,1,1,111
393,ca3ed3e47a1e4ceea8dcd8b2bbaf1076,12,17,1080.21,1,1,1,111
394,ca54001246b74452b232996eea678854,6,13,172.0,1,1,1,111
395,cbf24f9d89e546c7872f28326a7821d3,18,16,281.58,1,1,1,111
396,cc07151f90ce493baf38cc23d5ccd5af,24,15,298.78,1,1,1,111
397,cc24efb5c92b4bf3a7496b14d5c4e2e2,6,19,204.69,1,1,1,111
398,cc58250fc7404ff4859ba83701ed4a65,6,14,231.01,1,1,1,111
399,cc71b85ec36d43dfabafede2e142fc9e,6,15,254.9,1,1,1,111
400,ccd97c93c5544596847e18af79d555ba,18,14,303.64,1,1,1,111
401,ce00548e34ef41ec93e4fbbe6a05d05c,0,15,215.16,1,1,1,111
402,cfdac754f240482183a60aa33d5c21c3,24,13,193.02,1,1,1,111
403,d02c8f94e7b7461da70b6e622ad87488,12,23,298.56,1,1,1,111
404,d0ab05be7544435f935f13082b31ff0e,18,20,269.47,1,1,1,111
405,d10277f323d04d989cd9c060cd236f72,6,19,668.92,1,1,1,111
406,d12bcab81d0e4479817a2c0cbd9909a6,24,14,181.81,1,1,1,111
407,d16c6242ffe54e038b26bb71d70c6e5a,24,20,187.98,1,1,1,111
408,d18b4182842948c0bb9c08234eedcd9e,6,17,202.29,1,1,1,111
409,d24aac66f5404bc48728a207cee8b098,6,14,319.42,1,1,1,111
410,d35e585fbb9b4ac1b3ccb9e1bac71335,24,17,247.0,1,1,1,111
411,d3c24fa42d0947a4be104283c35a7983,6,15,203.23,1,1,1,111
412,d3cddb41ae3b43edaa67777501c32e45,0,16,279.52,1,1,1,111
413,d5a7f83fb3ec4c9983d1c55364eb87c4,12,13,197.03,1,1,1,111
414,d5e320154bed471592aeee77ca14c085,0,18,208.1,1,1,1,111
415,d60929ada6ad44058b9be1359e7d2c25,12,13,357.14,1,1,1,111
416,d61af4fe2054410e9de5825f01d27141,24,13,328.62,1,1,1,111
417,d69b874c0b504bb1b445df034fa874a9,18,19,308.49,1,1,1,111
418,d6a03d7951fb4f2b86be39533b5e49fc,24,16,544.63,1,1,1,111
419,d6ba5ba5365044e4afe649443b2b1fe3,18,13,257.24,1,1,1,111
420,d72d201be5794279aa716d8ad82b8d90,0,17,310.62,1,1,1,111
421,d73a95cbae9a483190e8ebafe7dea937,12,14,196.92000000000002,1,1,1,111
422,d80f9e3f974448ec902c42818097ebf3,12,14,202.54,1,1,1,111
423,d8d2466b53034391b840556be4b1be2c,0,15,292.01,1,1,1,111
424,d9386cf80c194ea491e39564e07e1c85,6,13,194.44,1,1,1,111
425,da7bf9d84fd74a72bdee595007bcca7a,24,21,323.78,1,1,1,111
426,daad151d84664dd6a4809ab8f05af690,6,15,305.57,1,1,1,111
427,db23badcb0e64c0eb193721a727a446f,12,13,337.34,1,1,1,111
428,db497e6b889245068664ca614733fca5,24,14,392.23,1,1,1,111
429,db5a707ab9fb4c68aec1560d03b4991d,18,23,182.82,1,1,1,111
430,db7f39b7c3174c71b45dd73f35b2be72,18,17,378.24,1,1,1,111
431,dbe4489958bb4e35bcc40fa6e2bc9788,18,15,222.18,1,1,1,111
432,dc00446915634ce8b159aab8878da029,18,19,198.5,1,1,1,111
433,dcc6169a0d34425283c5453cc34c2e80,6,13,204.61,1,1,1,111
434,dcd4fe47f8fd496fb1bbcb673a35d481,24,13,225.29,1,1,1,111
435,dd2f15d3224349b3a54cbb4a91e89e0c,0,19,321.57,1,1,1,111
436,dd9594e6ca65431db74456ae27a298e4,24,13,241.97,1,1,1,111
437,dde6811f1d3b438187f179963abcac98,0,13,306.82,1,1,1,111
438,de4cc19481914b79b9bfbec4185de8c7,24,14,234.14,1,1,1,111
439,de90515e9f174ddfb8b4c677448286ef,0,17,299.17,1,1,1,111
440,dee3814fa583456a8f6635b45a0ba641,0,13,252.4,1,1,1,111
441,df1e6d50effb4af28aff99f69fd3f394,6,13,1031.8799999999999,1,1,1,111
442,df6aa41febb14d8d8e05ee665a3fe00f,18,15,305.58,1,1,1,111
443,dfb467ce80d54545ae7ffc103b8fba35,0,14,211.61,1,1,1,111
444,dfc59d52b6674c21aa7f077071dacfd8,0,19,186.81,1,1,1,111
445,e020fbd77c5445d6be1d8fba3dea9934,0,20,270.94,1,1,1,111
446,e0570660882b49db860b43f704e5590b,12,15,987.5400000000001,1,1,1,111
447,e10ea309805d45f989e58bc040e9250e,6,14,185.39000000000001,1,1,1,111
448,e110e63527c24ad1b482f76acde24a42,18,19,444.89,1,1,1,111
449,e16d5add92b44f9db7aaead5e77f1bb5,24,15,260.01,1,1,1,111
450,e26309c6dfc845d09ae8812d2c3282cc,6,13,184.46,1,1,1,111
451,e2880c9e137a45358660085f5ced186f,18,16,219.18,1,1,1,111
452,e2c8e02e47be45a891ba4d502391c156,12,15,363.65,1,1,1,111
453,e300729d05c544cfad882e049e867a70,12,18,184.97000000000003,1,1,1,111
454,e31676437a8343bd816bd93067a08b89,24,17,282.16,1,1,1,111
455,e32bcb5eb44445bc8c84394ba2da524d,18,15,269.54,1,1,1,111
456,e39a6192c3a7476f86a2f15fbfeab53a,0,18,192.2,1,1,1,111
457,e3cc8e8eb799450e861d546321f90f54,0,16,256.61,1,1,1,111
458,e3d702e7f76e4b7abf3504037b4618e7,0,18,292.63,1,1,1,111
459,e3f4b96fff8b495f9cfc881e5b9dd74f,12,17,294.34,1,1,1,111
460,e489110823d8491e86d5207399f91644,24,13,179.69,1,1,1,111
461,e5a845f2059d4ae2a9cbb0beee60ff26,24,13,171.04,1,1,1,111
462,e5d9981344d64051ab8e2a2a466d146b,0,20,245.44,1,1,1,111
463,e685472e5137400db362c80bc216a915,12,16,361.53,1,1,1,111
464,e6a8beec60ac456da9686315dc2ad9ed,24,13,263.19,1,1,1,111
465,e6e3ef82d604433bafcf9edbbc0b5637,0,14,198.74,1,1,1,111
466,e737ff591120415581ddbe817b8c82ca,6,14,254.69,1,1,1,111
467,e798806bc1694f21b2fcacb8ae234282,12,14,354.61,1,1,1,111
468,e88b9aaa938c446289fb909cffeaa255,0,14,397.49,1,1,1,111
469,e8edeba1d53f4526bebb3071f18c9396,0,13,174.74,1,1,1,111
470,e943d191bfc44591a7bad20cc1548190,6,22,172.41,1,1,1,111
471,e95e8899562f4cad8d53ed81367af82a,12,20,421.17,1,1,1,111
472,e98cd87a44384ac6a0b3ce2ce70f3f3a,6,14,181.45,1,1,1,111
473,e99fe37403644eca8353fe99768b7d0e,6,14,174.98,1,1,1,111
474,ea0c00f10cfe4af4a197308ee893edc6,6,17,275.91,1,1,1,111
475,ea25b858e08a4c8c8d8f299797e38374,24,18,263.56,1,1,1,111
476,ea582a9c77a54ad1bdd66e6ac591318d,12,13,231.66,1,1,1,111
477,ea6cfa381e2c492e99541d4b04d24356,6,13,757.6500000000001,1,1,1,111
478,eadded7715674f5baf27721e68c930e6,0,13,241.27,1,1,1,111
479,eaef10f33ead4f30bbccb8aa3d5eb9e5,6,15,200.04,1,1,1,111
480,ebc303bcc1b44aa6b4d1762960451468,18,16,197.1,1,1,1,111
481,ee745c75ef0948a191bd47853f92f3c5,6,14,211.54,1,1,1,111
482,eefce44ec87640a499c1043a3cf32f31,0,15,332.71,1,1,1,111
483,efb39b7ee83e4c5db10dd629efad5293,24,19,363.36,1,1,1,111
484,efb92be8083a499bbe68f5935f38cc8d,6,13,190.44,1,1,1,111
485,efef288af381446eb0b32d0e42371846,12,17,409.05,1,1,1,111
486,f007c1392ef749c5b245ffb3cd5e6e35,18,19,359.65,1,1,1,111
487,f01cf2aef4e140a8aa9c3238eb40985f,6,18,328.04,1,1,1,111
488,f10398db53634a058af7e249b20c5364,12,17,316.15,1,1,1,111
489,f12026bef50743d0a4337abebf1729a8,6,14,301.12,1,1,1,111
490,f130699fa7934e2ebbfa0a3f976d645c,6,23,405.54,1,1,1,111
491,f13fe67a7ce64cfbb0e8a747000265c7,6,24,304.71,1,1,1,111
492,f1c3358fb6894c7eaacd3915f65da066,18,13,285.81,1,1,1,111
493,f1d00cd4318b4e32a45ef385b13703a9,24,13,303.52,1,1,1,111
494,f1d65ae63f174b8f80fa063adcaa63b7,12,13,1365.66,1,1,1,111
495,f2831d9607204d169b592b1f3559dc81,0,13,185.19,1,1,1,111
496,f2e883824e7642cd9c5618dbc9769508,6,22,277.46,1,1,1,111
497,f3546c329bc94299a5ac043842df9374,12,14,329.43,1,1,1,111
498,f3cd5ab3f77e491a91d854e3f04d04c3,0,15,194.57,1,1,1,111
499,f496c159664c42dca6fff0c428ef5973,18,13,260.92,1,1,1,111
500,f4e953ec3a484683935d8d42216fd11e,18,14,1080.07,1,1,1,111
501,f5205b328b564bf0a55952a8dc19ce6a,24,24,395.59,1,1,1,111
502,f7dd612de4ea410cae2d9273d6c0ebaf,18,17,204.38,1,1,1,111
503,f87c32879b224b6b909fb6014affaedf,24,13,343.64,1,1,1,111
504,f89e6073e064425fa74beae2e093dc48,18,15,419.22999999999996,1,1,1,111
505,f8f12b89a9e740d881f21dbe62c05c22,6,18,306.25,1,1,1,111
506,f93eed1eaf4a450eb3427f3fb7269c94,12,15,283.95,1,1,1,111
507,f9fdeb1f7d384fc181891e3c0bc46be0,24,13,300.64,1,1,1,111
508,fb4712401a2640c3a3490cd9c360b1a4,18,14,214.17,1,1,1,111
509,fbfd90953e754794ac3323c43881992d,12,13,462.55,1,1,1,111
510,fcdc9e86b659499d882a4714ea53e974,6,18,197.61,1,1,1,111
511,fcdf273bdfdb44a69f000dc7636c603a,18,19,188.3,1,1,1,111
512,fdc7c68803114b91b6e16da1aa263d84,12,16,255.33,1,1,1,111
513,fee2d799672d4f81bfa3237207290f79,6,21,361.49,1,1,1,111
514,ff4e747db62441979fbbc18d871c42b1,12,17,236.22,1,1,1,111
515,ff56a64e9a0e4bf5919723f31bce5965,18,14,217.16,1,1,1,111
516,ff7fdf82996949ec82d158a02a1d9cca,6,17,255.05,1,1,1,111
517,ff9f73ead16a4f9b9e1a53a27280af92,24,15,263.3,1,1,1,111
